data_coleta,turno,analysis,rank,wavelength_nm,p_value,q_FDR_BH
D02M,MANHA,cond,1,400.0,1.2163683693201977e-14,3.1603615371730914e-12
D02M,MANHA,cond,2,680.0,4.493410951869602e-07,6.185225410929231e-06
D02M,MANHA,cond,3,1595.0,2.5491463876451283e-05,0.00029538413791300327
D02M,MANHA,cond,4,619.0,4.4932501936746984e-05,0.0004306381377208788
D02M,MANHA,cond,5,1518.0,0.0001508759854952082,0.0011131174325563742
