data_coleta,turno,analysis,rank,wavelength_nm,p_value,q_FDR_BH
D02T,TARDE,gen_cond,1,528.0,1.835038394028832e-23,1.0004076412120175e-21
D02T,TARDE,gen_cond,2,1510.0,6.31783205910782e-17,1.10751056010514e-15
D02T,TARDE,gen_cond,3,720.0,1.2100969753657122e-14,7.299732048456105e-14
D02T,TARDE,gen_cond,4,620.0,4.417088111966115e-14,1.668406577834715e-13
D02T,TARDE,gen_cond,5,1340.0,1.1224258400276348e-10,1.4469487101801878e-10
