data_coleta,turno,analysis,rank,wavelength_nm,p_value,q_FDR_BH
D09M,MANHA,gen_cond,1,400.0,2.2640110649333037e-27,4.643486694178206e-24
D09M,MANHA,gen_cond,2,1521.0,9.718592781466912e-23,1.755938436187981e-21
D09M,MANHA,gen_cond,3,719.0,5.985863091033491e-20,4.910802079883876e-19
D09M,MANHA,gen_cond,4,1959.0,6.858050178703993e-17,2.9182284059174045e-16
D09M,MANHA,gen_cond,5,579.0,4.475612139095848e-16,1.4974682703565389e-15
