data_coleta,turno,analysis,rank,wavelength_nm,p_value,q_FDR_BH
D03T,TARDE,cond,1,1520.0,2.6558305149067695e-12,2.5666710668494316e-10
D03T,TARDE,cond,2,1347.0,3.547298069460184e-10,5.831269243658221e-09
D03T,TARDE,cond,3,406.0,2.5263169161516756e-08,1.6768530728243e-07
D03T,TARDE,cond,4,1959.0,9.414324528836784e-08,3.861755921728849e-07
D03T,TARDE,cond,5,1600.0,1.6391620741014643e-05,2.5821209016759625e-05
