data_coleta,turno,analysis,rank,wavelength_nm,p_value,q_FDR_BH
D06M,MANHA,cond,1,400.0,5.172735611129154e-33,7.549372294188427e-32
D06M,MANHA,cond,2,1539.0,1.7024852455431665e-30,1.4194297717922904e-29
D06M,MANHA,cond,3,540.0,8.478538838951955e-23,3.179064562831894e-22
D06M,MANHA,cond,4,1939.0,5.265778227203991e-19,1.4323754832885127e-18
D06M,MANHA,cond,5,1620.0,2.4911088593478316e-18,6.362720137636865e-18
