data_coleta,turno,analysis,rank,wavelength_nm,p_value,q_FDR_BH
D04M,MANHA,cond,1,411.0,4.404158465697788e-25,1.4026510946499833e-23
D04M,MANHA,cond,2,579.0,4.2678072418668535e-12,3.6471969387787154e-11
D04M,MANHA,cond,3,1907.0,2.8930311518431704e-09,2.3178151923556024e-08
D04M,MANHA,cond,4,1634.0,2.8515405591675393e-06,1.5270260278988572e-05
D04M,MANHA,cond,5,1340.0,1.1787126582776964e-05,3.7192917878885466e-05
