data_coleta,turno,analysis,rank,wavelength_nm,p_value,q_FDR_BH
D03M,MANHA,cond,1,400.0,1.2603563747672772e-30,3.1565425930535725e-28
D03M,MANHA,cond,2,1541.0,1.34723540737144e-22,1.918874875360294e-21
D03M,MANHA,cond,3,619.0,6.872971129702367e-16,4.547246382909533e-15
D03M,MANHA,cond,4,1600.0,2.943440397560747e-11,1.1036556225588832e-10
D03M,MANHA,cond,5,1353.0,1.627575232748186e-09,4.974898364182607e-09
