data_coleta,turno,analysis,rank,wavelength_nm,p_value,q_FDR_BH
D02M,MANHA,gen_cond,1,521.0,4.1851433796354565e-27,2.7984717507812795e-25
D02M,MANHA,gen_cond,2,720.0,3.3643286478283728e-21,4.8937858558127604e-20
D02M,MANHA,gen_cond,3,640.0,5.316791747101088e-18,6.569120405605019e-17
D02M,MANHA,gen_cond,4,401.0,4.441243067624977e-15,4.7691044668580246e-14
D02M,MANHA,gen_cond,5,1355.0,1.650659602260503e-08,1.0046002505152202e-07
