target,model,classe,classe_codigo,precision,recall,f1,support
gen_cond,k-NN (k=5),IRR|BR16,0,0.6666666666666666,0.5,0.5714285714285714,4
gen_cond,k-NN (k=5),IRR|CD202,1,0.42857142857142855,0.75,0.5454545454545454,4
gen_cond,k-NN (k=5),IRR|EMB48,2,0.5,0.25,0.3333333333333333,4
gen_cond,k-NN (k=5),NIRR|BR16,3,0.8,1.0,0.8888888888888888,4
gen_cond,k-NN (k=5),NIRR|CD202,4,0.4,0.5,0.4444444444444444,4
gen_cond,k-NN (k=5),NIRR|EMB48,5,0.5,0.25,0.3333333333333333,4
