target,model,classes,n_classes,n_samples,n_groups,cv_splits,n_bandas,bandas,accuracy_media,accuracy_std,balanced_accuracy_media,balanced_accuracy_std,f1_macro_media,f1_macro_std,kappa_media,kappa_std,roc_auc_media,roc_auc_std,scenario_id,analysis,dia_code,dia,turno_code,turno,validation_mode,split_seed
gen_cond,Random Forest,IRR|BR16; IRR|CD202; IRR|EMB48; NIRR|BR16; NIRR|CD202; NIRR|EMB48,6,24,24,4,5,band_1522|band_400|band_1590|band_530|band_1729,0.375,0.15957118462605635,0.375,0.15957118462605635,0.25,0.13608276348795434,0.25000000000000006,0.19148542155126758,,,TOP5_gen_cond_D05M_MANHA,gen_cond,05,dia5,M,MANHA,cv_grouped,42
gen_cond,SVM (RBF),IRR|BR16; IRR|CD202; IRR|EMB48; NIRR|BR16; NIRR|CD202; NIRR|EMB48,6,24,24,4,5,band_1522|band_400|band_1590|band_530|band_1729,0.3333333333333333,0.13608276348795434,0.3333333333333333,0.13608276348795434,0.22916666666666666,0.11424965443752838,0.2000000000000001,0.16329931618554513,,,TOP5_gen_cond_D05M_MANHA,gen_cond,05,dia5,M,MANHA,cv_grouped,42
gen_cond,LDA,IRR|BR16; IRR|CD202; IRR|EMB48; NIRR|BR16; NIRR|CD202; NIRR|EMB48,6,24,24,4,5,band_1522|band_400|band_1590|band_530|band_1729,0.4583333333333333,0.24999999999999994,0.4583333333333333,0.24999999999999994,0.36111111111111105,0.26156383133010247,0.35000000000000003,0.29999999999999993,,,TOP5_gen_cond_D05M_MANHA,gen_cond,05,dia5,M,MANHA,cv_grouped,42
gen_cond,k-NN (k=5),IRR|BR16; IRR|CD202; IRR|EMB48; NIRR|BR16; NIRR|CD202; NIRR|EMB48,6,24,24,4,5,band_1522|band_400|band_1590|band_530|band_1729,0.5416666666666666,0.2097176232019653,0.5416666666666666,0.2097176232019653,0.45138888888888884,0.22722946651496342,0.45000000000000007,0.25166114784235827,,,TOP5_gen_cond_D05M_MANHA,gen_cond,05,dia5,M,MANHA,cv_grouped,42
gen_cond,XGBoost,IRR|BR16; IRR|CD202; IRR|EMB48; NIRR|BR16; NIRR|CD202; NIRR|EMB48,6,24,24,4,5,band_1522|band_400|band_1590|band_530|band_1729,0.2916666666666667,0.15957118462605635,0.2916666666666667,0.15957118462605635,0.20416666666666664,0.15604255776995882,0.15000000000000002,0.19148542155126758,,,TOP5_gen_cond_D05M_MANHA,gen_cond,05,dia5,M,MANHA,cv_grouped,42
