n_components,rmsecv,r2cv,auc,accuracy
12,0.2290212470,0.7901970736,0.9932725694,0.9739583333
