target,model,classes,n_classes,n_samples,n_groups,cv_splits,n_bandas,bandas,accuracy_media,accuracy_std,balanced_accuracy_media,balanced_accuracy_std,f1_macro_media,f1_macro_std,kappa_media,kappa_std,roc_auc_media,roc_auc_std,scenario_id,analysis,dia_code,dia,turno_code,turno,validation_mode,split_seed
gen_cond,Random Forest,IRR|BR16; IRR|CD202; IRR|EMB48; NIRR|BR16; NIRR|CD202; NIRR|EMB48,6,24,24,4,5,band_400|band_1521|band_719|band_1969|band_530,0.5416666666666666,0.25,0.5416666666666666,0.25,0.4999999999999999,0.2605786533235238,0.45,0.30000000000000016,,,TOP5_gen_cond_D09M_MANHA,gen_cond,09,dia9,M,MANHA,cv_grouped,42
gen_cond,SVM (RBF),IRR|BR16; IRR|CD202; IRR|EMB48; NIRR|BR16; NIRR|CD202; NIRR|EMB48,6,24,24,4,5,band_400|band_1521|band_719|band_1969|band_530,0.375,0.15957118462605635,0.375,0.15957118462605635,0.3194444444444444,0.12318643236713028,0.25000000000000006,0.19148542155126758,,,TOP5_gen_cond_D09M_MANHA,gen_cond,09,dia9,M,MANHA,cv_grouped,42
gen_cond,LDA,IRR|BR16; IRR|CD202; IRR|EMB48; NIRR|BR16; NIRR|CD202; NIRR|EMB48,6,24,24,4,5,band_400|band_1521|band_719|band_1969|band_530,0.5833333333333333,0.3469443332443555,0.5833333333333333,0.3469443332443555,0.5277777777777778,0.3671153259555372,0.49999999999999994,0.41633319989322665,,,TOP5_gen_cond_D09M_MANHA,gen_cond,09,dia9,M,MANHA,cv_grouped,42
gen_cond,k-NN (k=5),IRR|BR16; IRR|CD202; IRR|EMB48; NIRR|BR16; NIRR|CD202; NIRR|EMB48,6,24,24,4,5,band_400|band_1521|band_719|band_1969|band_530,0.4166666666666667,0.16666666666666666,0.4166666666666667,0.16666666666666666,0.3055555555555556,0.13028932666176193,0.3,0.20000000000000015,,,TOP5_gen_cond_D09M_MANHA,gen_cond,09,dia9,M,MANHA,cv_grouped,42
gen_cond,XGBoost,IRR|BR16; IRR|CD202; IRR|EMB48; NIRR|BR16; NIRR|CD202; NIRR|EMB48,6,24,24,4,5,band_400|band_1521|band_719|band_1969|band_530,0.5416666666666667,0.2097176232019653,0.5416666666666667,0.2097176232019653,0.47222222222222215,0.22452510468485443,0.45000000000000007,0.25166114784235827,,,TOP5_gen_cond_D09M_MANHA,gen_cond,09,dia9,M,MANHA,cv_grouped,42
