analysis,n_familias,chi2_gof_uniforme,pvalue_mc
cond,28,21.285714285714295,0.7390869710096635
gen,25,26.666666666666675,0.2819060313228924
gen_cond,23,20.840000000000014,0.49983338887037654
