data_coleta,turno,analysis,rank,wavelength_nm,p_value,q_FDR_BH
D06M,MANHA,cond,1,400.0,5.172735611129154e-33,7.549372294188427e-32
D06M,MANHA,cond,2,1539.0,1.7024852455431665e-30,1.4194297717922904e-29
D06M,MANHA,cond,3,530.0,1.7918644941983078e-27,1.0323354150563847e-26
