data_coleta,turno,analysis,rank,wavelength_nm,p_value,q_FDR_BH
D09T,TARDE,cond,1,1900.0,2.311605112312305e-13,9.788810630771363e-11
D09T,TARDE,cond,2,1383.0,2.5891718886379003e-12,2.794942917682281e-10
D09T,TARDE,cond,3,415.0,3.70507725509072e-10,1.0702976690409953e-08
