data_coleta,turno,analysis,rank,wavelength_nm,p_value,q_FDR_BH
D06M,MANHA,gen_cond,1,401.0,9.595842669736958e-30,1.3106927168707852e-28
D06M,MANHA,gen_cond,2,530.0,2.89875825080014e-29,2.359267131901225e-28
D06M,MANHA,gen_cond,3,1526.0,5.525642733981947e-29,4.4443502930968525e-28
