data_coleta,turno,analysis,rank,wavelength_nm,p_value,q_FDR_BH
D02M,MANHA,gen_cond,1,521.0,4.1851433796354565e-27,2.7984717507812795e-25
D02M,MANHA,gen_cond,2,710.0,2.0219824415855853e-25,4.937007128204804e-24
D02M,MANHA,gen_cond,3,630.0,8.43844932048159e-21,1.1773645956671935e-19
