data_coleta,turno,analysis,rank,wavelength_nm,p_value,q_FDR_BH
D10M,MANHA,gen,1,707.0,1.4778105273431848e-09,5.793548421992975e-07
D10M,MANHA,gen,2,540.0,5.469187668981782e-07,2.7452040195953554e-05
D10M,MANHA,gen,3,730.0,1.0055737126493527e-05,0.00024552758150521697
