data_coleta,turno,analysis,rank,wavelength_nm,p_value,q_FDR_BH
D02T,TARDE,gen,1,550.0,7.689428270432604e-24,7.399571712781317e-22
D02T,TARDE,gen,2,610.0,7.15087221190009e-15,1.1827773311779907e-13
D02T,TARDE,gen,3,720.0,7.298037905021975e-15,1.1974620594560056e-13
