data_coleta,turno,analysis,rank,wavelength_nm,p_value,q_FDR_BH
D05M,MANHA,cond,1,400.0,3.963761694857789e-24,1.94164811026957e-22
D05M,MANHA,cond,2,1536.0,3.2432956907610806e-21,4.210126241614542e-20
D05M,MANHA,cond,3,1600.0,2.3965453696610865e-17,1.3615829787188056e-16
