data_coleta,turno,analysis,rank,wavelength_nm,p_value,q_FDR_BH
D04M,MANHA,gen,1,704.0,1.687545660040208e-26,5.768593581237445e-24
D04M,MANHA,gen,2,730.0,1.3923474834811432e-19,3.966256511971979e-18
D04M,MANHA,gen,3,580.0,1.9229957801174325e-15,4.066045716516345e-14
