data_coleta,turno,analysis,rank,wavelength_nm,p_value,q_FDR_BH
D02M,MANHA,gen,1,522.0,1.0495719788968856e-28,7.613600663222552e-27
D02M,MANHA,gen,2,710.0,1.3813617236059697e-26,3.4977443149578314e-25
D02M,MANHA,gen,3,630.0,4.687212741289141e-19,6.366538630717899e-18
