data_coleta,turno,analysis,rank,wavelength_nm,p_value,q_FDR_BH
D03M,MANHA,cond,1,400.0,1.2603563747672772e-30,3.1565425930535725e-28
D03M,MANHA,cond,2,1541.0,1.34723540737144e-22,1.918874875360294e-21
D03M,MANHA,cond,3,629.0,1.337818623839713e-16,9.42909277489777e-16
