data_coleta,turno,analysis,rank,wavelength_nm,p_value,q_FDR_BH
D05M,MANHA,gen,1,706.0,4.0441481755538875e-17,2.0916263692417802e-14
D05M,MANHA,gen,2,1730.0,3.3699116891363938e-15,2.993617599990181e-13
D05M,MANHA,gen,3,980.0,4.0927720604985163e-13,7.622351894322498e-12
