data_coleta,turno,analysis,rank,wavelength_nm,p_value,q_FDR_BH
D09T,TARDE,gen,1,712.0,1.120694881844327e-16,1.3520854133310085e-14
D09T,TARDE,gen,2,550.0,1.5313627456216467e-13,8.588470537327283e-12
D09T,TARDE,gen,3,740.0,2.6797292372042952e-08,5.234404443339057e-07
