data_coleta,turno,analysis,rank,wavelength_nm,p_value,q_FDR_BH
D04M,MANHA,gen_cond,1,417.0,2.203853567660124e-24,3.7353848844405313e-23
D04M,MANHA,gen_cond,2,706.0,1.702215480481531e-24,3.7353848844405313e-23
D04M,MANHA,gen_cond,3,730.0,1.8224373850559765e-23,1.6393943319078102e-22
