data_coleta,turno,analysis,rank,wavelength_nm,p_value,q_FDR_BH
D05M,MANHA,gen_cond,1,1522.0,1.1315648523717676e-24,8.288712543623197e-23
D05M,MANHA,gen_cond,2,400.0,8.615389890989238e-23,2.0546703100487126e-21
D05M,MANHA,gen_cond,3,1590.0,8.95034146594416e-22,9.178575173325735e-21
