data_coleta,turno,analysis,rank,wavelength_nm,p_value,q_FDR_BH
D09T,TARDE,gen_cond,1,717.0,5.731779355410676e-21,2.519401067543116e-18
D09T,TARDE,gen_cond,2,550.0,3.07386292224954e-14,1.5893122130088288e-12
D09T,TARDE,gen_cond,3,1383.0,4.590113618513825e-14,2.0030474535259266e-12
