analysis,n_familias,chi2_gof_uniforme,pvalue_mc
cond,29,21.92,0.8090636454515162
gen,25,28.041666666666668,0.263245584805065
gen_cond,23,20.840000000000014,0.49983338887037654
