n_components,rmsecv,r2cv,auc,accuracy
13,0.2628355726,0.7236698471,0.9875699267,0.9392361111
