target,model,classes,n_classes,n_samples,n_groups,cv_splits,n_bandas,bandas,accuracy_media,accuracy_std,balanced_accuracy_media,balanced_accuracy_std,f1_macro_media,f1_macro_std,kappa_media,kappa_std,roc_auc_media,roc_auc_std,scenario_id,analysis,dia_code,dia,turno_code,turno,validation_mode,split_seed
gen,Random Forest,BR16; CD202; EMB48,3,24,12,4,2,band_721|band_552,0.625,0.2097176232019653,0.625,0.2097176232019653,0.5916666666666667,0.20435082397499474,0.4375,0.3145764348029479,,,TOP5_gen_D09M_MANHA,gen,09,dia9,M,MANHA,cv_grouped,42
gen,SVM (RBF),BR16; CD202; EMB48,3,24,12,4,2,band_721|band_552,0.41666666666666663,0.09622504486493763,0.41666666666666663,0.09622504486493763,0.41944444444444445,0.10862969908194418,0.12499999999999992,0.14433756729740646,,,TOP5_gen_D09M_MANHA,gen,09,dia9,M,MANHA,cv_grouped,42
gen,LDA,BR16; CD202; EMB48,3,24,12,4,2,band_721|band_552,0.5416666666666666,0.15957118462605632,0.5416666666666666,0.15957118462605632,0.5111111111111111,0.1330243333042072,0.3125,0.23935677693908453,,,TOP5_gen_D09M_MANHA,gen,09,dia9,M,MANHA,cv_grouped,42
gen,k-NN (k=5),BR16; CD202; EMB48,3,24,12,4,2,band_721|band_552,0.3333333333333333,0.13608276348795434,0.3333333333333333,0.13608276348795434,0.2698412698412698,0.10823953727766551,0.0,0.2041241452319315,,,TOP5_gen_D09M_MANHA,gen,09,dia9,M,MANHA,cv_grouped,42
gen,XGBoost,BR16; CD202; EMB48,3,24,12,4,2,band_721|band_552,0.5,0.0,0.5,0.0,0.4305555555555555,0.031914236925211274,0.24999999999999994,6.409875621278546e-17,,,TOP5_gen_D09M_MANHA,gen,09,dia9,M,MANHA,cv_grouped,42
