data_coleta,turno,analysis,rank,wavelength_nm,p_value,q_FDR_BH
D06M,MANHA,gen,1,721.0,5.839945694371465e-21,2.9944321547889685e-18
D06M,MANHA,gen,2,551.0,1.4920562573791132e-09,8.30799279839887e-08
D06M,MANHA,gen,3,1391.0,1.72483567975497e-05,0.000447802275845246
D06M,MANHA,gen,4,1835.0,5.8596306493607444e-05,0.0011929434758080346
D06M,MANHA,gen,5,1694.0,0.0012217494620667647,0.012306889491439661
