data_coleta,turno,analysis,rank,wavelength_nm,p_value,q_FDR_BH
D04M,MANHA,gen,1,704.0,1.687545660040208e-26,5.768593581237445e-24
D04M,MANHA,gen,2,730.0,1.3923474834811432e-19,3.966256511971979e-18
D04M,MANHA,gen,3,580.0,1.9229957801174325e-15,4.066045716516345e-14
D04M,MANHA,gen,4,1380.0,4.301925320602315e-09,5.380029775948383e-08
D04M,MANHA,gen,5,1835.0,1.62321756596107e-06,1.3988316083135103e-05
