data_coleta,turno,analysis,rank,wavelength_nm,p_value,q_FDR_BH
D03T,TARDE,gen_cond,1,707.0,3.6220984226787666e-24,1.3776203915262348e-21
D03T,TARDE,gen_cond,2,1374.0,4.573608265173594e-21,2.680134443391726e-19
D03T,TARDE,gen_cond,3,740.0,2.8401174999780057e-17,4.936509315639737e-16
D03T,TARDE,gen_cond,4,1490.0,1.3728549644871621e-16,2.231464953970758e-15
D03T,TARDE,gen_cond,5,519.0,3.4966785341103567e-15,3.13174134212242e-14
