data_coleta,turno,analysis,rank,wavelength_nm,p_value,q_FDR_BH
D10M,MANHA,gen_cond,1,400.0,3.7395542182630735e-21,1.0993690986656137e-18
D10M,MANHA,gen_cond,2,723.0,3.7763348564530786e-14,4.4770305147891704e-13
D10M,MANHA,gen_cond,3,520.0,5.319267531602782e-13,4.936569098333623e-12
D10M,MANHA,gen_cond,4,1906.0,1.394168774643824e-12,1.2272275351049283e-11
D10M,MANHA,gen_cond,5,1386.0,5.973376414507228e-12,4.422886291030442e-11
