data_coleta,turno,analysis,rank,wavelength_nm,p_value,q_FDR_BH
D03M,MANHA,gen,1,707.0,2.244345017231987e-27,5.484888861730042e-25
D03M,MANHA,gen,2,730.0,5.207931835389966e-24,3.6832648946154555e-22
D03M,MANHA,gen,3,1381.0,2.4741090044473664e-20,6.342996960151935e-19
D03M,MANHA,gen,4,580.0,6.358315302130416e-17,1.1748562778981517e-15
D03M,MANHA,gen,5,1410.0,7.630825470087994e-12,8.194148188036898e-11
