data_coleta,turno,analysis,rank,wavelength_nm,p_value,q_FDR_BH
D10M,MANHA,cond,1,432.0,1.5667698746162163e-17,8.197203348457055e-16
D10M,MANHA,cond,2,1906.0,5.644918599661462e-12,7.059590273113206e-11
D10M,MANHA,cond,3,728.0,2.2551122536203884e-10,2.1817147321582156e-09
D10M,MANHA,cond,4,1385.0,6.992647884740775e-10,5.951004486142461e-09
D10M,MANHA,cond,5,589.0,1.6842549898987813e-07,8.224778534005715e-07
