data_coleta,turno,analysis,rank,wavelength_nm,p_value,q_FDR_BH
D02T,TARDE,cond,1,1520.0,1.5667698746162163e-17,3.6933804373783e-15
D02T,TARDE,cond,2,1580.0,3.103364516237459e-11,1.0503301357760772e-10
D02T,TARDE,cond,3,739.0,1.0668281850869339e-10,2.4447649247075995e-10
D02T,TARDE,cond,4,1919.0,1.1622893297643496e-10,2.634094381598543e-10
D02T,TARDE,cond,5,1340.0,4.4779916455306046e-10,8.25189655434256e-10
