data_coleta,turno,analysis,rank,wavelength_nm,p_value,q_FDR_BH
D09M,MANHA,gen,1,721.0,9.000784240514122e-14,4.117944697422066e-11
D09M,MANHA,gen,2,552.0,7.589104348216443e-09,4.3442101540764464e-07
