analysis_id,analysis_label,dia,modelo,n_bandas,bandas,n_amostras,n_grupos,n_splits_cv,accuracy_media,accuracy_std,balanced_accuracy_media,balanced_accuracy_std,f1_irrigado_media,f1_irrigado_std,f1_macro_media,f1_macro_std,roc_auc_media,roc_auc_std,kappa_media,kappa_std
dia5,dia5,dia5,Random Forest,6,band_1200|band_1451|band_1951|band_970|band_670|NDRE,24,24,5,0.9199999999999999,0.1095445115010332,0.9,0.13693063937629152,0.9047619047619048,0.14677176197545183,0.9047619047619048,0.13041013273932528,1.0,0.0,0.8181818181818181,0.24896479886598463
dia5,dia5,dia5,SVM (RBF),6,band_1200|band_1451|band_1951|band_970|band_670|NDRE,24,24,5,0.95,0.11180339887498948,0.95,0.11180339887498948,0.96,0.08944271909999157,0.9466666666666667,0.11925695879998875,1.0,0.0,0.9,0.22360679774997896
dia5,dia5,dia5,LDA,6,band_1200|band_1451|band_1951|band_970|band_670|NDRE,24,24,5,0.96,0.08944271909999157,0.95,0.11180339887498947,0.9333333333333332,0.149071198499986,0.9523809523809523,0.10647942749999,1.0,0.0,0.909090909090909,0.20327890704543544
dia5,dia5,dia5,k-NN (k=5),6,band_1200|band_1451|band_1951|band_970|band_670|NDRE,24,24,5,1.0,0.0,1.0,0.0,1.0,0.0,1.0,0.0,1.0,0.0,1.0,0.0
dia5,dia5,dia5,XGBoost,6,band_1200|band_1451|band_1951|band_970|band_670|NDRE,24,24,5,0.9199999999999999,0.1095445115010332,0.9,0.13693063937629152,0.9047619047619048,0.14677176197545183,0.9047619047619048,0.13041013273932528,1.0,0.0,0.8181818181818181,0.24896479886598463
