rank,wavelength_nm,resolved_wavelength_nm,band_column,resolved_exact_match,q_FDR_BH
1,401,401,band_401,True,1.3106927168707852e-28
2,530,530,band_530,True,2.359267131901225e-28
3,1526,1526,band_1526,True,4.4443502930968525e-28
4,729,729,band_729,True,1.3617688141336887e-22
5,1600,1600,band_1600,True,5.358865411126331e-21
