target,model,classes,n_classes,n_samples,n_groups,cv_splits,n_bandas,bandas,accuracy_media,accuracy_std,balanced_accuracy_media,balanced_accuracy_std,f1_macro_media,f1_macro_std,kappa_media,kappa_std,roc_auc_media,roc_auc_std,scenario_id,analysis,dia_code,dia,turno_code,turno,validation_mode,split_seed
gen_cond,Random Forest,IRR|BR16; IRR|CD202; IRR|EMB48; NIRR|BR16; NIRR|CD202; NIRR|EMB48,6,24,24,4,5,band_401|band_530|band_1526|band_729|band_1600,0.41666666666666663,0.16666666666666666,0.41666666666666663,0.16666666666666666,0.3194444444444445,0.14433756729740643,0.30000000000000004,0.20000000000000004,,,TOP5_gen_cond_D06M_MANHA,gen_cond,06,dia6,M,MANHA,cv_grouped,42
gen_cond,SVM (RBF),IRR|BR16; IRR|CD202; IRR|EMB48; NIRR|BR16; NIRR|CD202; NIRR|EMB48,6,24,24,4,5,band_401|band_530|band_1526|band_729|band_1600,0.6249999999999999,0.08333333333333333,0.6249999999999999,0.08333333333333333,0.5069444444444443,0.09722222222222218,0.55,0.10000000000000003,,,TOP5_gen_cond_D06M_MANHA,gen_cond,06,dia6,M,MANHA,cv_grouped,42
gen_cond,LDA,IRR|BR16; IRR|CD202; IRR|EMB48; NIRR|BR16; NIRR|CD202; NIRR|EMB48,6,24,24,4,5,band_401|band_530|band_1526|band_729|band_1600,0.4583333333333333,0.08333333333333334,0.4583333333333333,0.08333333333333334,0.3680555555555555,0.06944444444444445,0.35000000000000014,0.09999999999999996,,,TOP5_gen_cond_D06M_MANHA,gen_cond,06,dia6,M,MANHA,cv_grouped,42
gen_cond,k-NN (k=5),IRR|BR16; IRR|CD202; IRR|EMB48; NIRR|BR16; NIRR|CD202; NIRR|EMB48,6,24,24,4,5,band_401|band_530|band_1526|band_729|band_1600,0.5833333333333333,0.09622504486493762,0.5833333333333333,0.09622504486493762,0.4722222222222222,0.11340230290662863,0.5,0.11547005383792516,,,TOP5_gen_cond_D06M_MANHA,gen_cond,06,dia6,M,MANHA,cv_grouped,42
gen_cond,XGBoost,IRR|BR16; IRR|CD202; IRR|EMB48; NIRR|BR16; NIRR|CD202; NIRR|EMB48,6,24,24,4,5,band_401|band_530|band_1526|band_729|band_1600,0.41666666666666663,0.16666666666666666,0.41666666666666663,0.16666666666666666,0.3055555555555556,0.15044515564140667,0.3000000000000001,0.20000000000000007,,,TOP5_gen_cond_D06M_MANHA,gen_cond,06,dia6,M,MANHA,cv_grouped,42
