analysis_id,analysis_label,dia,modelo,n_bandas,bandas,n_amostras,n_grupos,n_splits_cv,accuracy_media,accuracy_std,balanced_accuracy_media,balanced_accuracy_std,f1_irrigado_media,f1_irrigado_std,f1_macro_media,f1_macro_std,roc_auc_media,roc_auc_std,kappa_media,kappa_std
dia4,dia4,dia4,XGBoost,6,band_1200|band_1451|band_1951|band_970|band_670|NDRE,24,24,5,0.8400000000000001,0.08944271909999157,0.8166666666666667,0.10865337342004415,0.8361904761904763,0.1201661736806667,0.8171428571428571,0.10354268895182389,0.9666666666666666,0.07453559924999302,0.6503496503496503,0.19779210662560773
