analysis_id,analysis_label,dia,modelo,n_bandas,bandas,n_amostras,n_grupos,n_splits_cv,accuracy_media,accuracy_std,balanced_accuracy_media,balanced_accuracy_std,f1_irrigado_media,f1_irrigado_std,f1_macro_media,f1_macro_std,roc_auc_media,roc_auc_std,kappa_media,kappa_std
dia4,dia4,dia4,k-NN (k=5),6,band_1200|band_1451|band_1951|band_970|band_670|NDRE,24,24,5,0.9199999999999999,0.1095445115010332,0.9166666666666666,0.11785113019775793,0.8933333333333333,0.1534781924429512,0.9123809523809523,0.12073095592606257,0.9833333333333334,0.03726779962499647,0.8321678321678322,0.23113977455997778
