analysis_id,analysis_label,dia,modelo,n_bandas,bandas,n_amostras,n_grupos,n_splits_cv,accuracy_media,accuracy_std,balanced_accuracy_media,balanced_accuracy_std,f1_irrigado_media,f1_irrigado_std,f1_macro_media,f1_macro_std,roc_auc_media,roc_auc_std,kappa_media,kappa_std
dia4,dia4,dia4,Random Forest,6,band_1200|band_1451|band_1951|band_970|band_670|NDRE,24,24,5,0.8400000000000001,0.1673320053068151,0.85,0.14907119849998599,0.7933333333333333,0.21653842358548955,0.8290476190476189,0.17619369366431603,1.0,0.0,0.6893106893106893,0.30907337602923357
dia4,dia4,dia4,SVM (RBF),6,band_1200|band_1451|band_1951|band_970|band_670|NDRE,24,24,5,0.96,0.08944271909999157,0.95,0.11180339887498947,0.9333333333333332,0.149071198499986,0.9523809523809523,0.10647942749999,1.0,0.0,0.909090909090909,0.20327890704543544
dia4,dia4,dia4,LDA,6,band_1200|band_1451|band_1951|band_970|band_670|NDRE,24,24,5,0.9199999999999999,0.1095445115010332,0.9166666666666666,0.11785113019775793,0.8933333333333333,0.1534781924429512,0.9123809523809523,0.12073095592606257,1.0,0.0,0.8321678321678322,0.23113977455997778
dia4,dia4,dia4,k-NN (k=5),6,band_1200|band_1451|band_1951|band_970|band_670|NDRE,24,24,5,0.9199999999999999,0.1095445115010332,0.9166666666666666,0.11785113019775793,0.8933333333333333,0.1534781924429512,0.9123809523809523,0.12073095592606257,0.9833333333333334,0.03726779962499647,0.8321678321678322,0.23113977455997778
dia4,dia4,dia4,XGBoost,6,band_1200|band_1451|band_1951|band_970|band_670|NDRE,24,24,5,0.8400000000000001,0.08944271909999157,0.8166666666666667,0.10865337342004415,0.8361904761904763,0.1201661736806667,0.8171428571428571,0.10354268895182389,0.9666666666666666,0.07453559924999302,0.6503496503496503,0.19779210662560773
