target,model,feature,permutation_mean,permutation_std
condicao_genotipo,LDA,band_550,0.5446163714307649,0.029693371617128997
condicao_genotipo,LDA,band_530,0.529952716649745,0.03801247065120038
condicao_genotipo,LDA,band_401,0.44078176501256944,0.03930171985972607
condicao_genotipo,LDA,band_400,0.4189115488979186,0.03293431533191866
condicao_genotipo,LDA,band_720,0.28414263771554094,0.04236588585019714
