n_components,rmsecv,r2cv,auc,accuracy
15,0.2061542027,0.8300017788,0.9989149306,0.9739583333
