n_components,rmsecv,r2cv,auc,accuracy
14,0.1801537365,0.8701244326,0.9984375000,0.9795918367
