data_coleta,turno,analysis,rank,wavelength_nm,p_value,q_FDR_BH
D02M,MANHA,cond,1,400.0,1.2163683693201977e-14,3.1603615371730914e-12
D02M,MANHA,cond,2,649.0,1.0350024631728897e-09,1.6847540094980926e-08
D02M,MANHA,cond,3,510.0,1.4399658075459816e-05,0.00017475561368501824
D02M,MANHA,cond,4,1595.0,2.5491463876451283e-05,0.00029538413791300327
