analysis,n_familias,chi2_gof_uniforme,pvalue_mc
cond,29,20.244897959183678,0.8437187604131956
gen,22,20.000000000000004,0.5204931689436855
gen_cond,25,22.0,0.6047984005331556
