data_coleta,turno,analysis,rank,wavelength_nm,p_value,q_FDR_BH
D05M,MANHA,gen_cond,1,1540.0,8.378061710864172e-25,8.288712543623197e-23
D05M,MANHA,gen_cond,2,400.0,8.615389890989238e-23,2.0546703100487126e-21
D05M,MANHA,gen_cond,3,1600.0,4.6812818220220584e-20,2.5467663174979424e-19
D05M,MANHA,gen_cond,4,540.0,1.2609293508276834e-18,6.157538329875187e-18
D05M,MANHA,gen_cond,5,1719.0,4.81722553445016e-16,1.2634436791761227e-15
