data_coleta,turno,analysis,rank,wavelength_nm,p_value,q_FDR_BH
D03T,TARDE,gen,1,705.0,3.301956681756166e-23,9.703560464297976e-21
D03T,TARDE,gen,2,1375.0,1.2834696808637653e-19,3.2498719943846698e-18
D03T,TARDE,gen,3,740.0,6.34370960914666e-18,1.2274479630528113e-16
D03T,TARDE,gen,4,519.0,3.221780975260197e-15,4.8947205779693806e-14
D03T,TARDE,gen,5,1400.0,2.878925488416074e-13,3.3172338071580722e-12
