data_coleta,turno,analysis,rank,wavelength_nm,p_value,q_FDR_BH
D03M,MANHA,gen,1,707.0,2.244345017231987e-27,5.484888861730042e-25
D03M,MANHA,gen,2,1381.0,2.4741090044473664e-20,6.342996960151935e-19
D03M,MANHA,gen,3,580.0,6.358315302130416e-17,1.1748562778981517e-15
D03M,MANHA,gen,4,740.0,3.046179655681149e-14,4.3386906068069693e-13
D03M,MANHA,gen,5,1886.0,6.016506742881351e-10,4.269846134826869e-09
