data_coleta,turno,analysis,rank,wavelength_nm,p_value,q_FDR_BH
D06M,MANHA,gen_cond,1,401.0,9.595842669736958e-30,1.3106927168707852e-28
D06M,MANHA,gen_cond,2,1526.0,5.525642733981947e-29,4.4443502930968525e-28
D06M,MANHA,gen_cond,3,540.0,4.7837810739802245e-27,2.7178767265189584e-26
D06M,MANHA,gen_cond,4,1600.0,1.6291720042965754e-21,5.358865411126331e-21
D06M,MANHA,gen_cond,5,1900.0,1.1806009231308106e-14,2.211335610357345e-14
