data_coleta,turno,analysis,rank,wavelength_nm,p_value,q_FDR_BH
D03M,MANHA,gen_cond,1,400.0,6.531778183055284e-29,1.728522632715259e-26
D03M,MANHA,gen_cond,2,547.0,1.1082157095295998e-25,1.6087903827791048e-24
D03M,MANHA,gen_cond,3,720.0,4.601773293859065e-25,4.790983261779158e-24
D03M,MANHA,gen_cond,4,1527.0,8.002740674575226e-23,5.507926551528117e-22
D03M,MANHA,gen_cond,5,1382.0,1.8142751272484844e-18,8.071753331858225e-18
