data_coleta,turno,analysis,rank,wavelength_nm,p_value,q_FDR_BH
D02T,TARDE,gen,1,538.0,8.199489224919066e-24,7.399571712781317e-22
D02T,TARDE,gen,2,720.0,7.298037905021975e-15,1.1974620594560056e-13
D02T,TARDE,gen,3,620.0,4.646832249089898e-13,6.711727424565761e-12
D02T,TARDE,gen,4,2189.0,2.028233535825147e-07,1.8571013312399e-06
D02T,TARDE,gen,5,1384.0,2.903987646495783e-07,1.9928867319999332e-06
