data_coleta,turno,analysis,rank,wavelength_nm,p_value,q_FDR_BH
D09T,TARDE,gen_cond,1,717.0,5.731779355410676e-21,2.519401067543116e-18
D09T,TARDE,gen_cond,2,546.0,3.1693145267070895e-14,1.5893122130088288e-12
D09T,TARDE,gen_cond,3,1383.0,4.590113618513825e-14,2.0030474535259266e-12
D09T,TARDE,gen_cond,4,1901.0,4.178793639020097e-12,8.485847280821998e-11
D09T,TARDE,gen_cond,5,1359.0,3.562135238542991e-10,3.825099148822866e-09
