data_coleta,turno,analysis,rank,wavelength_nm,p_value,q_FDR_BH
D04M,MANHA,gen_cond,1,417.0,2.203853567660124e-24,3.7353848844405313e-23
D04M,MANHA,gen_cond,2,706.0,1.702215480481531e-24,3.7353848844405313e-23
D04M,MANHA,gen_cond,3,1386.0,2.256135371823796e-19,1.3690336235534336e-18
D04M,MANHA,gen_cond,4,740.0,2.3314599399669598e-17,1.31730697985461e-16
D04M,MANHA,gen_cond,5,1900.0,1.2943814557779106e-14,6.01990105623695e-14
