data_coleta,turno,analysis,rank,wavelength_nm,p_value,q_FDR_BH
D10M,MANHA,gen,1,707.0,1.4778105273431848e-09,5.793548421992975e-07
D10M,MANHA,gen,2,530.0,6.92032759149251e-07,2.7452040195953554e-05
D10M,MANHA,gen,3,1359.0,1.3642755341828819e-05,0.0003156866722499893
D10M,MANHA,gen,4,400.0,2.2658201695839605e-05,0.00045118419105016536
