data_coleta,turno,analysis,rank,wavelength_nm,p_value,q_FDR_BH
D05M,MANHA,gen,1,706.0,4.0441481755538875e-17,2.0916263692417802e-14
D05M,MANHA,gen,2,1726.0,4.1406600523268254e-15,2.993617599990181e-13
D05M,MANHA,gen,3,956.0,4.4490057769620155e-13,7.622351894322498e-12
D05M,MANHA,gen,4,553.0,6.875952766758512e-11,3.0393489492719197e-10
D05M,MANHA,gen,5,1386.0,7.698052650733927e-11,3.310001255064001e-10
