data_coleta,turno,analysis,rank,wavelength_nm,p_value,q_FDR_BH
D02M,MANHA,gen,1,522.0,1.0495719788968856e-28,7.613600663222552e-27
D02M,MANHA,gen,2,720.0,1.1884757781455455e-21,1.8607357412034457e-20
D02M,MANHA,gen,3,640.0,9.226564693252184e-15,1.1131578932858958e-13
D02M,MANHA,gen,4,1689.0,6.086657602146321e-08,6.089626703415662e-07
D02M,MANHA,gen,5,1369.0,5.491802190794041e-06,3.487209378736402e-05
