data_coleta,turno,analysis,rank,wavelength_nm,p_value,q_FDR_BH
D09M,MANHA,cond,1,400.0,5.8582326335260375e-30,1.2015235131361903e-26
D09M,MANHA,cond,2,1530.0,4.579923412563878e-21,5.658688505523201e-20
D09M,MANHA,cond,3,579.0,1.586916248928106e-14,9.142598950987489e-14
D09M,MANHA,cond,4,1600.0,2.2647559013937076e-11,9.862026228786612e-11
D09M,MANHA,cond,5,1979.0,5.586059326735964e-10,2.079311738500084e-09
