n_components,rmsecv,r2cv,auc,accuracy
12,0.2119168130,0.8203459636,0.9990699405,0.9793814433
