target,model,classe,classe_codigo,precision,recall,f1,support
gen_cond,SVM (RBF),IRR|BR16,0,1.0,0.75,0.8571428571428571,4
gen_cond,SVM (RBF),IRR|CD202,1,0.0,0.0,0.0,4
gen_cond,SVM (RBF),IRR|EMB48,2,0.42857142857142855,0.75,0.5454545454545454,4
gen_cond,SVM (RBF),NIRR|BR16,3,1.0,0.75,0.8571428571428571,4
gen_cond,SVM (RBF),NIRR|CD202,4,0.42857142857142855,0.75,0.5454545454545454,4
gen_cond,SVM (RBF),NIRR|EMB48,5,0.5,0.25,0.3333333333333333,4
