target,model,classes,n_classes,n_samples,n_groups,cv_splits,n_bandas,bandas,accuracy_media,accuracy_std,balanced_accuracy_media,balanced_accuracy_std,f1_macro_media,f1_macro_std,kappa_media,kappa_std,roc_auc_media,roc_auc_std,scenario_id,analysis,dia_code,dia,turno_code,turno,validation_mode,split_seed
gen_cond,Random Forest,IRR|BR16; IRR|CD202; IRR|EMB48; NIRR|BR16; NIRR|CD202; NIRR|EMB48,6,24,24,4,5,band_417|band_706|band_730|band_572|band_1349,0.625,0.2097176232019653,0.625,0.2097176232019653,0.5555555555555555,0.20786985482077455,0.5499999999999999,0.2516611478423584,,,TOP5_gen_cond_D04M_MANHA,gen_cond,04,dia4,M,MANHA,cv_grouped,42
gen_cond,SVM (RBF),IRR|BR16; IRR|CD202; IRR|EMB48; NIRR|BR16; NIRR|CD202; NIRR|EMB48,6,24,24,4,5,band_417|band_706|band_730|band_572|band_1349,0.5416666666666666,0.15957118462605632,0.5416666666666666,0.15957118462605632,0.43749999999999994,0.17029235331249554,0.44999999999999996,0.19148542155126763,,,TOP5_gen_cond_D04M_MANHA,gen_cond,04,dia4,M,MANHA,cv_grouped,42
gen_cond,LDA,IRR|BR16; IRR|CD202; IRR|EMB48; NIRR|BR16; NIRR|CD202; NIRR|EMB48,6,24,24,4,5,band_417|band_706|band_730|band_572|band_1349,0.6666666666666666,0.13608276348795434,0.6666666666666666,0.13608276348795434,0.611111111111111,0.14344382763731175,0.6000000000000001,0.16329931618554516,,,TOP5_gen_cond_D04M_MANHA,gen_cond,04,dia4,M,MANHA,cv_grouped,42
gen_cond,k-NN (k=5),IRR|BR16; IRR|CD202; IRR|EMB48; NIRR|BR16; NIRR|CD202; NIRR|EMB48,6,24,24,4,5,band_417|band_706|band_730|band_572|band_1349,0.375,0.15957118462605638,0.375,0.15957118462605638,0.24999999999999997,0.13795985579399386,0.25,0.19148542155126763,,,TOP5_gen_cond_D04M_MANHA,gen_cond,04,dia4,M,MANHA,cv_grouped,42
gen_cond,XGBoost,IRR|BR16; IRR|CD202; IRR|EMB48; NIRR|BR16; NIRR|CD202; NIRR|EMB48,6,24,24,4,5,band_417|band_706|band_730|band_572|band_1349,0.41666666666666663,0.2151657414559676,0.41666666666666663,0.2151657414559676,0.36111111111111105,0.17272924172386692,0.30000000000000004,0.2581988897471611,,,TOP5_gen_cond_D04M_MANHA,gen_cond,04,dia4,M,MANHA,cv_grouped,42
