target,model,classes,n_classes,n_samples,n_groups,cv_splits,n_bandas,bandas,accuracy_media,accuracy_std,balanced_accuracy_media,balanced_accuracy_std,f1_macro_media,f1_macro_std,kappa_media,kappa_std,roc_auc_media,roc_auc_std,scenario_id,analysis,dia_code,dia,turno_code,turno,validation_mode,split_seed
gen,Random Forest,BR16; CD202; EMB48,3,24,12,4,5,band_706|band_1730|band_980|band_553|band_1349,0.41666666666666663,0.09622504486493763,0.41666666666666663,0.09622504486493763,0.3476190476190476,0.11805939036055271,0.12499999999999997,0.1443375672974064,,,TOP5_gen_D05M_MANHA,gen,05,dia5,M,MANHA,cv_grouped,42
gen,SVM (RBF),BR16; CD202; EMB48,3,24,12,4,5,band_706|band_1730|band_980|band_553|band_1349,0.5416666666666667,0.20971762320196527,0.5416666666666667,0.20971762320196527,0.4944444444444444,0.2685887519898651,0.3125,0.3145764348029479,,,TOP5_gen_D05M_MANHA,gen,05,dia5,M,MANHA,cv_grouped,42
gen,LDA,BR16; CD202; EMB48,3,24,12,4,5,band_706|band_1730|band_980|band_553|band_1349,0.6666666666666666,0.13608276348795434,0.6666666666666666,0.13608276348795434,0.6527777777777778,0.14554424609724864,0.5,0.2041241452319315,,,TOP5_gen_D05M_MANHA,gen,05,dia5,M,MANHA,cv_grouped,42
gen,k-NN (k=5),BR16; CD202; EMB48,3,24,12,4,5,band_706|band_1730|band_980|band_553|band_1349,0.5416666666666666,0.08333333333333331,0.5416666666666666,0.08333333333333331,0.4888888888888889,0.1143958904554111,0.3125,0.125,,,TOP5_gen_D05M_MANHA,gen,05,dia5,M,MANHA,cv_grouped,42
gen,XGBoost,BR16; CD202; EMB48,3,24,12,4,5,band_706|band_1730|band_980|band_553|band_1349,0.5416666666666666,0.08333333333333331,0.5416666666666666,0.08333333333333331,0.4777777777777778,0.12035612451312534,0.3124999999999999,0.12499999999999997,,,TOP5_gen_D05M_MANHA,gen,05,dia5,M,MANHA,cv_grouped,42
