rank,wavelength_nm,resolved_wavelength_nm,band_column,resolved_exact_match,q_FDR_BH
1,521,521,band_521,True,2.7984717507812795e-25
2,710,710,band_710,True,4.9370071282048046e-24
3,630,630,band_630,True,1.1773645956671937e-19
4,401,401,band_401,True,4.7691044668580246e-14
5,730,730,band_730,True,1.8471286092326225e-13
