target,model,classes,n_classes,n_samples,n_groups,cv_splits,n_bandas,bandas,accuracy_media,accuracy_std,balanced_accuracy_media,balanced_accuracy_std,f1_macro_media,f1_macro_std,kappa_media,kappa_std,roc_auc_media,roc_auc_std,scenario_id,analysis,dia_code,dia,turno_code,turno,validation_mode,split_seed
gen_cond,Random Forest,IRR|BR16; IRR|CD202; IRR|EMB48; NIRR|BR16; NIRR|CD202; NIRR|EMB48,6,24,24,4,5,band_521|band_710|band_630|band_401|band_730,0.4166666666666667,0.3191423692521127,0.4166666666666667,0.3191423692521127,0.3333333333333333,0.3215510250775062,0.29999999999999993,0.3829708431025353,,,TOP5_gen_cond_D02M_MANHA,gen_cond,02,dia2,M,MANHA,cv_grouped,42
gen_cond,SVM (RBF),IRR|BR16; IRR|CD202; IRR|EMB48; NIRR|BR16; NIRR|CD202; NIRR|EMB48,6,24,24,4,5,band_521|band_710|band_630|band_401|band_730,0.5416666666666666,0.25,0.5416666666666666,0.25,0.45833333333333337,0.26883761372144394,0.44999999999999996,0.30000000000000004,,,TOP5_gen_cond_D02M_MANHA,gen_cond,02,dia2,M,MANHA,cv_grouped,42
gen_cond,LDA,IRR|BR16; IRR|CD202; IRR|EMB48; NIRR|BR16; NIRR|CD202; NIRR|EMB48,6,24,24,4,5,band_521|band_710|band_630|band_401|band_730,0.5416666666666667,0.2097176232019653,0.5416666666666667,0.2097176232019653,0.4444444444444444,0.2357022603955158,0.44999999999999996,0.2516611478423584,,,TOP5_gen_cond_D02M_MANHA,gen_cond,02,dia2,M,MANHA,cv_grouped,42
gen_cond,k-NN (k=5),IRR|BR16; IRR|CD202; IRR|EMB48; NIRR|BR16; NIRR|CD202; NIRR|EMB48,6,24,24,4,5,band_521|band_710|band_630|band_401|band_730,0.3333333333333333,0.23570226039551584,0.3333333333333333,0.23570226039551584,0.26388888888888884,0.1996653578967391,0.20000000000000007,0.28284271247461906,,,TOP5_gen_cond_D02M_MANHA,gen_cond,02,dia2,M,MANHA,cv_grouped,42
gen_cond,XGBoost,IRR|BR16; IRR|CD202; IRR|EMB48; NIRR|BR16; NIRR|CD202; NIRR|EMB48,6,24,24,4,5,band_521|band_710|band_630|band_401|band_730,0.4583333333333333,0.28463752127665554,0.4583333333333333,0.28463752127665554,0.3472222222222222,0.3097357163644024,0.35,0.34156502553198664,,,TOP5_gen_cond_D02M_MANHA,gen_cond,02,dia2,M,MANHA,cv_grouped,42
