analysis_id,analysis_label,dia,modelo,n_bandas,bandas,n_amostras,n_grupos,n_splits_cv,accuracy_media,accuracy_std,balanced_accuracy_media,balanced_accuracy_std,f1_irrigado_media,f1_irrigado_std,f1_macro_media,f1_macro_std,roc_auc_media,roc_auc_std,kappa_media,kappa_std
dia3,dia3,dia3,Random Forest,6,band_1200|band_1451|band_1951|band_970|band_670|NDRE,24,24,5,0.9199999999999999,0.1095445115010332,0.9166666666666666,0.11785113019775793,0.9314285714285715,0.09604420750840921,0.9123809523809523,0.12073095592606257,1.0,0.0,0.8321678321678322,0.23113977455997778
dia3,dia3,dia3,SVM (RBF),6,band_1200|band_1451|band_1951|band_970|band_670|NDRE,24,24,5,1.0,0.0,1.0,0.0,1.0,0.0,1.0,0.0,1.0,0.0,1.0,0.0
dia3,dia3,dia3,LDA,6,band_1200|band_1451|band_1951|band_970|band_670|NDRE,24,24,5,0.96,0.08944271909999157,0.9666666666666666,0.07453559924999302,0.96,0.08944271909999157,0.96,0.08944271909999157,1.0,0.0,0.923076923076923,0.17200522903844534
dia3,dia3,dia3,k-NN (k=5),6,band_1200|band_1451|band_1951|band_970|band_670|NDRE,24,24,5,0.9199999999999999,0.17888543819998318,0.9333333333333332,0.149071198499986,0.9,0.22360679774997896,0.9166666666666666,0.1863389981249825,1.0,0.0,0.8571428571428571,0.31943828249996997
dia3,dia3,dia3,XGBoost,6,band_1200|band_1451|band_1951|band_970|band_670|NDRE,24,24,5,0.9199999999999999,0.1095445115010332,0.9,0.13693063937629152,0.9047619047619048,0.14677176197545183,0.9047619047619048,0.13041013273932528,0.9333333333333333,0.14907119849998596,0.8181818181818181,0.24896479886598463
