target,model,classes,n_classes,n_samples,n_groups,cv_splits,n_bandas,bandas,accuracy_media,accuracy_std,balanced_accuracy_media,balanced_accuracy_std,f1_macro_media,f1_macro_std,kappa_media,kappa_std,roc_auc_media,roc_auc_std,scenario_id,analysis,dia_code,dia,turno_code,turno,validation_mode,split_seed
gen_cond,Random Forest,IRR|BR16; IRR|CD202; IRR|EMB48; NIRR|BR16; NIRR|CD202; NIRR|EMB48,6,24,24,4,4,band_717|band_550|band_1349|band_1951,0.375,0.15957118462605635,0.375,0.15957118462605635,0.26388888888888884,0.12318643236713027,0.25,0.19148542155126752,,,TOP5_gen_cond_D09T_TARDE,gen_cond,09,dia9,T,TARDE,cv_grouped,42
gen_cond,SVM (RBF),IRR|BR16; IRR|CD202; IRR|EMB48; NIRR|BR16; NIRR|CD202; NIRR|EMB48,6,24,24,4,4,band_717|band_550|band_1349|band_1951,0.3333333333333333,0.2721655269759087,0.3333333333333333,0.2721655269759087,0.27083333333333326,0.22722946651496342,0.20000000000000004,0.32659863237109027,,,TOP5_gen_cond_D09T_TARDE,gen_cond,09,dia9,T,TARDE,cv_grouped,42
gen_cond,LDA,IRR|BR16; IRR|CD202; IRR|EMB48; NIRR|BR16; NIRR|CD202; NIRR|EMB48,6,24,24,4,4,band_717|band_550|band_1349|band_1951,0.5,0.3600411499115478,0.5,0.3600411499115478,0.43055555555555547,0.32827959076362656,0.4,0.4320493798938572,,,TOP5_gen_cond_D09T_TARDE,gen_cond,09,dia9,T,TARDE,cv_grouped,42
gen_cond,k-NN (k=5),IRR|BR16; IRR|CD202; IRR|EMB48; NIRR|BR16; NIRR|CD202; NIRR|EMB48,6,24,24,4,4,band_717|band_550|band_1349|band_1951,0.29166666666666663,0.20971762320196524,0.29166666666666663,0.20971762320196524,0.20416666666666666,0.15538184745496664,0.15000000000000005,0.25166114784235816,,,TOP5_gen_cond_D09T_TARDE,gen_cond,09,dia9,T,TARDE,cv_grouped,42
gen_cond,XGBoost,IRR|BR16; IRR|CD202; IRR|EMB48; NIRR|BR16; NIRR|CD202; NIRR|EMB48,6,24,24,4,4,band_717|band_550|band_1349|band_1951,0.4166666666666667,0.16666666666666666,0.4166666666666667,0.16666666666666666,0.3194444444444444,0.13888888888888887,0.30000000000000004,0.19999999999999987,,,TOP5_gen_cond_D09T_TARDE,gen_cond,09,dia9,T,TARDE,cv_grouped,42
