rank,wavelength_nm,resolved_wavelength_nm,band_column,resolved_exact_match,q_FDR_BH
1,522,522,band_522,True,7.613600663222552e-27
2,710,710,band_710,True,3.4977443149578314e-25
3,630,630,band_630,True,6.366538630717899e-18
4,730,730,band_730,True,4.38687302196184e-12
5,679,679,band_679,True,5.248933422509942e-07
