target,model,classes,n_classes,n_samples,n_groups,cv_splits,n_bandas,bandas,accuracy_media,accuracy_std,balanced_accuracy_media,balanced_accuracy_std,f1_macro_media,f1_macro_std,kappa_media,kappa_std,roc_auc_media,roc_auc_std,scenario_id,analysis,dia_code,dia,turno_code,turno,validation_mode,split_seed
gen,Random Forest,BR16; CD202; EMB48,3,24,12,4,5,band_522|band_710|band_630|band_730|band_679,0.5833333333333334,0.21516574145596762,0.5833333333333334,0.21516574145596762,0.5722222222222223,0.21573875376608448,0.375,0.3227486121839514,,,TOP5_gen_D02M_MANHA,gen,02,dia2,M,MANHA,cv_grouped,42
gen,SVM (RBF),BR16; CD202; EMB48,3,24,12,4,5,band_522|band_710|band_630|band_730|band_679,0.6249999999999999,0.08333333333333333,0.6249999999999999,0.08333333333333333,0.6031746031746031,0.12698412698412695,0.4375,0.125,,,TOP5_gen_D02M_MANHA,gen,02,dia2,M,MANHA,cv_grouped,42
gen,LDA,BR16; CD202; EMB48,3,24,12,4,5,band_522|band_710|band_630|band_730|band_679,0.5416666666666666,0.08333333333333331,0.5416666666666666,0.08333333333333331,0.517063492063492,0.10930024725369403,0.3125,0.125,,,TOP5_gen_D02M_MANHA,gen,02,dia2,M,MANHA,cv_grouped,42
gen,k-NN (k=5),BR16; CD202; EMB48,3,24,12,4,5,band_522|band_710|band_630|band_730|band_679,0.6666666666666666,0.13608276348795434,0.6666666666666666,0.13608276348795434,0.6444444444444445,0.1599897116033717,0.5,0.20412414523193156,,,TOP5_gen_D02M_MANHA,gen,02,dia2,M,MANHA,cv_grouped,42
gen,XGBoost,BR16; CD202; EMB48,3,24,12,4,5,band_522|band_710|band_630|band_730|band_679,0.5833333333333334,0.21516574145596762,0.5833333333333334,0.21516574145596762,0.5722222222222223,0.21573875376608448,0.375,0.3227486121839514,,,TOP5_gen_D02M_MANHA,gen,02,dia2,M,MANHA,cv_grouped,42
