target,model,classes,n_classes,n_samples,n_groups,cv_splits,n_bandas,bandas,accuracy_media,accuracy_std,balanced_accuracy_media,balanced_accuracy_std,f1_macro_media,f1_macro_std,kappa_media,kappa_std,roc_auc_media,roc_auc_std,scenario_id,analysis,dia_code,dia,turno_code,turno,validation_mode,split_seed
gen_cond,Random Forest,IRR|BR16; IRR|CD202; IRR|EMB48; NIRR|BR16; NIRR|CD202; NIRR|EMB48,6,24,24,4,5,band_528|band_1510|band_720|band_620|band_1349,0.49999999999999994,0.13608276348795434,0.49999999999999994,0.13608276348795434,0.41666666666666663,0.1156481110814518,0.4,0.1632993161855453,,,TOP5_gen_cond_D02T_TARDE,gen_cond,02,dia2,T,TARDE,cv_grouped,42
gen_cond,SVM (RBF),IRR|BR16; IRR|CD202; IRR|EMB48; NIRR|BR16; NIRR|CD202; NIRR|EMB48,6,24,24,4,5,band_528|band_1510|band_720|band_620|band_1349,0.5416666666666666,0.15957118462605632,0.5416666666666666,0.15957118462605632,0.4722222222222222,0.16511624537154637,0.45000000000000007,0.19148542155126758,,,TOP5_gen_cond_D02T_TARDE,gen_cond,02,dia2,T,TARDE,cv_grouped,42
gen_cond,LDA,IRR|BR16; IRR|CD202; IRR|EMB48; NIRR|BR16; NIRR|CD202; NIRR|EMB48,6,24,24,4,5,band_528|band_1510|band_720|band_620|band_1349,0.5416666666666666,0.08333333333333331,0.5416666666666666,0.08333333333333331,0.42361111111111105,0.10965480816969458,0.44999999999999996,0.10000000000000007,,,TOP5_gen_cond_D02T_TARDE,gen_cond,02,dia2,T,TARDE,cv_grouped,42
gen_cond,k-NN (k=5),IRR|BR16; IRR|CD202; IRR|EMB48; NIRR|BR16; NIRR|CD202; NIRR|EMB48,6,24,24,4,5,band_528|band_1510|band_720|band_620|band_1349,0.20833333333333331,0.15957118462605635,0.20833333333333331,0.15957118462605635,0.13888888888888887,0.12213801813215665,0.04999999999999993,0.19148542155126752,,,TOP5_gen_cond_D02T_TARDE,gen_cond,02,dia2,T,TARDE,cv_grouped,42
gen_cond,XGBoost,IRR|BR16; IRR|CD202; IRR|EMB48; NIRR|BR16; NIRR|CD202; NIRR|EMB48,6,24,24,4,5,band_528|band_1510|band_720|band_620|band_1349,0.4583333333333333,0.15957118462605635,0.4583333333333333,0.15957118462605635,0.37499999999999994,0.17198310760191396,0.34999999999999987,0.19148542155126763,,,TOP5_gen_cond_D02T_TARDE,gen_cond,02,dia2,T,TARDE,cv_grouped,42
