n_components,rmsecv,r2cv,auc,accuracy
12,0.2144343412,0.8160716532,0.9998914931,0.9947916667
