rank,wavelength_nm,resolved_wavelength_nm,band_column,resolved_exact_match,q_FDR_BH
1,400,400,band_400,True,1.728522632715259e-26
2,550,550,band_550,True,1.6087903827791048e-24
3,720,720,band_720,True,4.790983261779158e-24
4,1527,1527,band_1527,True,5.507926551528117e-22
5,741,741,band_741,True,8.033056917351949e-18
