n_components,rmsecv,r2cv,auc,accuracy
15,0.2042619030,0.8331082999,0.9990505642,0.9791666667
