analysis,n_familias,chi2_gof_uniforme,pvalue_mc
cond,29,19.6,0.9026991002999001
gen,23,20.041666666666668,0.5721426191269576
gen_cond,25,22.0,0.6047984005331556
