analysis_id,analysis_label,dia,cultivar,modelo,n_bandas,bandas,n_amostras,n_grupos,n_splits_cv,accuracy_media,accuracy_std,balanced_accuracy_media,balanced_accuracy_std,f1_irrigado_media,f1_irrigado_std,f1_macro_media,f1_macro_std,roc_auc_media,roc_auc_std,kappa_media,kappa_std
dia2_EMB48,dia2 - EMB48,dia2,EMB48,Random Forest,6,band_1200|band_1451|band_1951|band_970|band_670|NDRE,8,8,4,0.875,0.25,0.875,0.25,0.9166666666666666,0.16666666666666669,0.8333333333333333,0.3333333333333333,1.0,0.0,0.75,0.5
dia2_EMB48,dia2 - EMB48,dia2,EMB48,SVM (RBF),6,band_1200|band_1451|band_1951|band_970|band_670|NDRE,8,8,4,0.75,0.28867513459481287,0.75,0.28867513459481287,0.8333333333333333,0.19245008972987526,0.6666666666666666,0.3849001794597505,0.75,0.5,0.5,0.5773502691896257
dia2_EMB48,dia2 - EMB48,dia2,EMB48,LDA,6,band_1200|band_1451|band_1951|band_970|band_670|NDRE,8,8,4,0.625,0.25,0.625,0.25,0.5833333333333333,0.4194352464039305,0.49999999999999994,0.33333333333333337,1.0,0.0,0.25,0.5
dia2_EMB48,dia2 - EMB48,dia2,EMB48,k-NN (k=5),6,band_1200|band_1451|band_1951|band_970|band_670|NDRE,8,8,4,0.875,0.25,0.875,0.25,0.9166666666666666,0.16666666666666669,0.8333333333333333,0.3333333333333333,0.875,0.25,0.75,0.5
dia2_EMB48,dia2 - EMB48,dia2,EMB48,XGBoost,6,band_1200|band_1451|band_1951|band_970|band_670|NDRE,8,8,4,0.5,0.0,0.5,0.0,0.6666666666666666,0.0,0.3333333333333333,0.0,0.5,0.0,0.0,0.0
