target,model,classes,n_classes,n_samples,n_groups,cv_splits,n_bandas,bandas,accuracy_media,accuracy_std,balanced_accuracy_media,balanced_accuracy_std,f1_macro_media,f1_macro_std,kappa_media,kappa_std,roc_auc_media,roc_auc_std,analysis_source
condicao,Random Forest,NIRR; IRR,2,144,8,4,5,band_400|band_579|band_1580|band_530|band_739,0.9583333333333333,0.016037507477489613,0.9583333333333333,0.016037507477489613,0.9583226083226084,0.016025123301831305,0.9166666666666666,0.03207501495497923,0.9907407407407408,0.005040102351405739,cond
condicao_genotipo,LDA,IRR|BR16; IRR|CD202; IRR|EMB48; NIRR|BR16; NIRR|CD202; NIRR|EMB48,6,144,24,4,5,band_400|band_530|band_550|band_401|band_720,0.5486111111111112,0.09453971229936174,0.5486111111111112,0.09453971229936174,0.5119634751213699,0.09571670258333233,0.45833333333333326,0.11344765475923409,,,gen_cond
condicao_genotipo_turno,LDA,IRR|BR16|manha + tarde; IRR|BR16|unico; IRR|CD202|manha + tarde; IRR|CD202|unico; IRR|EMB48|manha + tarde; IRR|EMB48|unico; NIRR|BR16|manha + tarde; NIRR|BR16|unico; NIRR|CD202|manha + tarde; NIRR|CD202|unico; NIRR|EMB48|manha + tarde; NIRR|EMB48|unico,12,144,48,4,5,band_400|band_530|band_550|band_401|band_720,0.3611111111111111,0.11564811108145183,0.3611111111111111,0.11564811108145183,0.32999338624338626,0.11682201526374336,0.30303030303030304,0.1261615757252202,,,gen_cond
