Classe,Precisao,Recall,F1-score,Suporte
A (EMB48 IRR),0.6538461538461539,0.7083333333333334,0.68,24
B (EMB48 NIRR),0.6666666666666666,0.6666666666666666,0.6666666666666666,24
C (BR16 IRR),0.7391304347826086,0.7083333333333334,0.723404255319149,24
D (BR16 NIRR),0.6153846153846154,0.6666666666666666,0.64,24
E (CD202 IRR),0.6666666666666666,0.4166666666666667,0.5128205128205128,24
F (CD202 NIRR),0.4666666666666667,0.5833333333333334,0.5185185185185185,24
