analysis_id,analysis_label,dia,modelo,n_bandas,bandas,n_amostras,n_grupos,n_splits_cv,accuracy_media,accuracy_std,balanced_accuracy_media,balanced_accuracy_std,f1_irrigado_media,f1_irrigado_std,f1_macro_media,f1_macro_std,roc_auc_media,roc_auc_std,kappa_media,kappa_std
dia9,dia9,dia9,Random Forest,6,band_1200|band_1451|band_1951|band_970|band_670|NDRE,24,24,5,0.8400000000000001,0.1673320053068151,0.8666666666666666,0.13944333775567927,0.8533333333333333,0.14452988925785865,0.8366666666666667,0.17336538165261126,1.0,0.0,0.7032967032967032,0.3024474493301733
dia9,dia9,dia9,SVM (RBF),6,band_1200|band_1451|band_1951|band_970|band_670|NDRE,24,24,5,0.79,0.14317821063276354,0.8166666666666667,0.12360330811826105,0.7866666666666666,0.13662601021279466,0.7833333333333334,0.15000000000000002,0.9,0.22360679774997896,0.6032967032967033,0.25941980539369686
dia9,dia9,dia9,LDA,6,band_1200|band_1451|band_1951|band_970|band_670|NDRE,24,24,5,0.8300000000000001,0.09746794344808962,0.85,0.09128709291752769,0.8133333333333335,0.11925695879998878,0.8266666666666668,0.10110500592068732,1.0,0.0,0.6692307692307693,0.19153691689213434
dia9,dia9,dia9,k-NN (k=5),6,band_1200|band_1451|band_1951|band_970|band_670|NDRE,24,24,5,0.79,0.14317821063276354,0.8166666666666667,0.12360330811826105,0.7866666666666666,0.13662601021279466,0.7833333333333334,0.15000000000000002,0.9833333333333334,0.03726779962499647,0.6032967032967033,0.25941980539369686
dia9,dia9,dia9,XGBoost,6,band_1200|band_1451|band_1951|band_970|band_670|NDRE,24,24,5,0.8400000000000001,0.1673320053068151,0.8666666666666666,0.1394433377556793,0.82,0.20493901531919195,0.8366666666666667,0.17336538165261126,1.0,0.0,0.7032967032967032,0.30244744933017326
