target,model,classe,classe_codigo,precision,recall,f1,support
condicao_genotipo,Random Forest,IRR|BR16,0,0.5,0.16666666666666666,0.25,6
condicao_genotipo,Random Forest,IRR|CD202,1,0.2222222222222222,0.3333333333333333,0.26666666666666666,6
condicao_genotipo,Random Forest,IRR|EMB48,2,0.3333333333333333,0.5,0.4,6
condicao_genotipo,Random Forest,NIRR|BR16,3,0.6666666666666666,0.3333333333333333,0.4444444444444444,6
condicao_genotipo,Random Forest,NIRR|CD202,4,0.25,0.3333333333333333,0.2857142857142857,6
condicao_genotipo,Random Forest,NIRR|EMB48,5,0.2,0.16666666666666666,0.18181818181818182,6
