target,model,classe,classe_codigo,precision,recall,f1,support
condicao_genotipo,XGBoost,IRR|BR16,0,0.25,0.16666666666666666,0.2,6
condicao_genotipo,XGBoost,IRR|CD202,1,0.2222222222222222,0.3333333333333333,0.26666666666666666,6
condicao_genotipo,XGBoost,IRR|EMB48,2,0.3333333333333333,0.3333333333333333,0.3333333333333333,6
condicao_genotipo,XGBoost,NIRR|BR16,3,0.75,0.5,0.6,6
condicao_genotipo,XGBoost,NIRR|CD202,4,0.2222222222222222,0.3333333333333333,0.26666666666666666,6
condicao_genotipo,XGBoost,NIRR|EMB48,5,0.0,0.0,0.0,6
