n_components,rmsecv,r2cv,auc,accuracy
13,0.2151344401,0.8148598850,0.9942446728,0.9775862069
