target,model,feature,permutation_mean,permutation_std
condicao_genotipo_turno,LDA,band_530,0.4576250079142391,0.02645414675779398
condicao_genotipo_turno,LDA,band_550,0.41854561637807863,0.024764246648395296
condicao_genotipo_turno,LDA,band_400,0.38785835987836886,0.025785811376740884
condicao_genotipo_turno,LDA,band_401,0.36592304125028147,0.02892759300365053
condicao_genotipo_turno,LDA,band_720,0.2653412975534141,0.03462650399788393
