n_components,rmsecv,r2cv,auc,accuracy
10,0.1490170431,0.9111756835,1.0000000000,1.0000000000
