target,model,classe,classe_codigo,precision,recall,f1,support
condicao_genotipo,k-NN (k=5),IRR|BR16,0,0.6,0.5,0.5454545454545454,24
condicao_genotipo,k-NN (k=5),IRR|CD202,1,0.25,0.16666666666666666,0.2,24
condicao_genotipo,k-NN (k=5),IRR|EMB48,2,0.42857142857142855,0.625,0.5084745762711864,24
condicao_genotipo,k-NN (k=5),NIRR|BR16,3,0.5652173913043478,0.5416666666666666,0.5531914893617021,24
condicao_genotipo,k-NN (k=5),NIRR|CD202,4,0.42857142857142855,0.5,0.46153846153846156,24
condicao_genotipo,k-NN (k=5),NIRR|EMB48,5,0.6363636363636364,0.5833333333333334,0.6086956521739131,24
