target,model,classes,n_classes,n_samples,n_groups,cv_splits,n_bandas,bandas,accuracy_media,accuracy_std,balanced_accuracy_media,balanced_accuracy_std,f1_macro_media,f1_macro_std,kappa_media,kappa_std,roc_auc_media,roc_auc_std,scenario_id,analysis,dia_code,dia,turno_code,turno,validation_mode,split_seed
gen,Random Forest,BR16; CD202; EMB48,3,24,12,4,5,band_707|band_730|band_1349|band_580|band_1451,0.6666666666666666,0.13608276348795434,0.6666666666666666,0.13608276348795434,0.6666666666666666,0.12272623352430297,0.5,0.2041241452319315,,,TOP5_gen_D03M_MANHA,gen,03,dia3,M,MANHA,cv_grouped,42
gen,SVM (RBF),BR16; CD202; EMB48,3,24,12,4,5,band_707|band_730|band_1349|band_580|band_1451,0.75,0.09622504486493767,0.75,0.09622504486493767,0.7444444444444445,0.08981004187394186,0.625,0.14433756729740643,,,TOP5_gen_D03M_MANHA,gen,03,dia3,M,MANHA,cv_grouped,42
gen,LDA,BR16; CD202; EMB48,3,24,12,4,5,band_707|band_730|band_1349|band_580|band_1451,0.7916666666666666,0.08333333333333337,0.7916666666666666,0.08333333333333337,0.7833333333333333,0.07777777777777783,0.6875,0.125,,,TOP5_gen_D03M_MANHA,gen,03,dia3,M,MANHA,cv_grouped,42
gen,k-NN (k=5),BR16; CD202; EMB48,3,24,12,4,5,band_707|band_730|band_1349|band_580|band_1451,0.7083333333333334,0.15957118462605638,0.7083333333333334,0.15957118462605638,0.7083333333333334,0.14412357523414282,0.5625,0.23935677693908453,,,TOP5_gen_D03M_MANHA,gen,03,dia3,M,MANHA,cv_grouped,42
gen,XGBoost,BR16; CD202; EMB48,3,24,12,4,5,band_707|band_730|band_1349|band_580|band_1451,0.5416666666666666,0.15957118462605632,0.5416666666666666,0.15957118462605632,0.5111111111111111,0.1330243333042072,0.3125,0.2393567769390845,,,TOP5_gen_D03M_MANHA,gen,03,dia3,M,MANHA,cv_grouped,42
