n_components,rmsecv,r2cv,auc,accuracy
14,0.1952638159,0.8474881688,0.9981553819,0.9739583333
