analysis,n_familias,chi2_gof_uniforme,pvalue_mc
cond,19,18.133333333333333,0.4768410529823392
gen,16,13.733333333333334,0.5448183938687104
gen_cond,16,11.600000000000001,0.6874375208263912
