target,model,classe,classe_codigo,precision,recall,f1,support
condicao,Random Forest,NIRR,0,0.9444444444444444,0.9444444444444444,0.9444444444444444,18
condicao,Random Forest,IRR,1,0.9444444444444444,0.9444444444444444,0.9444444444444444,18
