target,model,classe,classe_codigo,precision,recall,f1,support
condicao,XGBoost,NIRR,0,0.9411764705882353,0.8888888888888888,0.9142857142857143,18
condicao,XGBoost,IRR,1,0.8947368421052632,0.9444444444444444,0.918918918918919,18
