target,model,classe,classe_codigo,precision,recall,f1,support
condicao,LDA,NIRR,0,0.8571428571428571,1.0,0.9230769230769231,18
condicao,LDA,IRR,1,1.0,0.8333333333333334,0.9090909090909091,18
