rank,wavelength_nm,resolved_wavelength_nm,band_column,resolved_exact_match,q_FDR_BH
1,712,712,band_712,True,1.3520854133310084e-14
2,550,550,band_550,True,8.588470537327283e-12
3,740,740,band_740,True,5.234404443339057e-07
4,1360,1349,band_1349,False,3.3739065633326737e-06
