target,model,classes,n_classes,n_samples,n_groups,cv_splits,n_bandas,bandas,accuracy_media,accuracy_std,balanced_accuracy_media,balanced_accuracy_std,f1_macro_media,f1_macro_std,kappa_media,kappa_std,roc_auc_media,roc_auc_std,scenario_id,analysis,dia_code,dia,turno_code,turno,validation_mode,split_seed
gen,Random Forest,BR16; CD202; EMB48,3,24,12,4,4,band_712|band_550|band_740|band_1349,0.5416666666666666,0.08333333333333331,0.5416666666666666,0.08333333333333331,0.5444444444444444,0.08558681487623218,0.3125,0.125,,,TOP5_gen_D09T_TARDE,gen,09,dia9,T,TARDE,cv_grouped,42
gen,SVM (RBF),BR16; CD202; EMB48,3,24,12,4,4,band_712|band_550|band_740|band_1349,0.5833333333333334,0.16666666666666669,0.5833333333333334,0.16666666666666669,0.5638888888888889,0.18333333333333338,0.375,0.25,,,TOP5_gen_D09T_TARDE,gen,09,dia9,T,TARDE,cv_grouped,42
gen,LDA,BR16; CD202; EMB48,3,24,12,4,4,band_712|band_550|band_740|band_1349,0.5833333333333333,0.0962250448649376,0.5833333333333333,0.0962250448649376,0.561111111111111,0.07056503290095427,0.375,0.14433756729740643,,,TOP5_gen_D09T_TARDE,gen,09,dia9,T,TARDE,cv_grouped,42
gen,k-NN (k=5),BR16; CD202; EMB48,3,24,12,4,4,band_712|band_550|band_740|band_1349,0.4166666666666667,0.2151657414559676,0.4166666666666667,0.2151657414559676,0.3682539682539683,0.21446396662124842,0.12499999999999992,0.3227486121839514,,,TOP5_gen_D09T_TARDE,gen,09,dia9,T,TARDE,cv_grouped,42
gen,XGBoost,BR16; CD202; EMB48,3,24,12,4,4,band_712|band_550|band_740|band_1349,0.4166666666666667,0.2151657414559676,0.4166666666666667,0.2151657414559676,0.39444444444444443,0.20618023199580413,0.12499999999999994,0.32274861218395146,,,TOP5_gen_D09T_TARDE,gen,09,dia9,T,TARDE,cv_grouped,42
