n_components,rmsecv,r2cv,auc,accuracy
13,0.2383022563,0.7728481385,0.9942491319,0.9583333333
